category,products_in_category,cnt_distinct_products,cnt_purchased,sum_price,avg_price
'LED Bulbs',"[Smart Light Bulbs [2 Pack], WiFi 2.4GHz & Bluetooth 5.0, Compatible w/ Alexa & Google Without Hub, Dimmable, Music Sync, Schedules, Color Changing Light Bulb RGBW Smart Bulb LED Bulb, A19/E26 9W 810LM]",1,1,17.99,17.99
'Dresses',[BerryGo Women's Boho V Neck Ruffle Floral Wrap Maxi Dress],1,1,46.99,46.99
'Cardamom Seed',"[Elite Turkish Coffee with Cardamom, 3.5 oz (3 Pack), Elite Turkish Coffee with Cardamom, 3.5 oz (3 Pack), Elite Turkish Coffee with Cardamom, 3.5 oz (3 Pack)]",1,3,44.07,14.69
'Hex Keys',"[Klein Tools JTH6M3 3 mm Hex Key with Journeyman T-Handle, 6-Inch]",1,1,3.99,3.99
'Balloons',"[NUFR 3 Feet Inflatable Penis and Pump Pack Blow Up Penis for Hen Party, Bachelor Party, Bachelorette Party , Bridal Shower Party Decorations and Games]",1,1,13.99,13.99
'Party Games & Activities',"[Table Top Penis Ring Toss Bachelorette Party Game, Same Penis Forever Favors, Divorce Party, Hen Party, Girls Night Out, Dick]",1,1,12.99,12.99
'CD & DVD Drives',"[Gotega External DVD Drive, USB 3.0 Portable CD/DVD +/-RW Drive/DVD Player for Laptop CD ROM Burner Compatible with Laptop Desktop PC Windows Linux OS Apple Mac Black]",1,1,22.99,22.99
'Shade Sail Hardware',"[Sun Shade Hardware Kit for Rectangle and Square Sun Shade Sails Installation,5 inch Heavy Duty Anti-Rust Sail Shade Hardware Kit with 50 ft Cable Wire Ropes]",1,1,18.99,18.99
'Cuckoo Clocks',"[KEYPOWER Cuckoo Clock Cuckoo Wall Clock,Cuckoo Bird Voices Call, Design Clock Pendulum, Bird House, Wall Art Home Living Room Kitchen Office Decoration (Green)]",1,1,42.99,42.99
'Shade Sails',[SUNNY GUARD Sun Shade Sail 16'5''x16'5''x16'5'' Triangle Terra UV Block Sunshade for Backyard Yard Deck Patio Garden Outdoor Activities and Facility(We Make Custom Size)],1,1,39.99,39.99
'Dental Floss',"[Plackers Micro Mint Dental Flossers, Fresh Mint Flavor, Fold-Out Toothpick, Super Tuffloss, Easy Storage with Sure-Zip Seal, 150 Count]",1,1,4.22,4.22
'Wall Chargers',"[3Pack Dual Port USB-C Wall Plug-in USB Charger, AILKIN 20W Power Delivery + QC3.0 USB A Double Port Fast Charging Block for iPhone 14 13 12 Pro Max 14 Pro 12 Mini 14 11 Pro Max 14 Plus 11 SE X XS Cube]",1,1,15.99,15.99
'Furniture Pads',"[SoftTouch 1"" x 60"" Heavy-Duty Self-Stick Felt Furniture Strip Roll - Protect Surfaces from Scratches & Damage, Beige (3 Pack)]",1,1,15.27,15.27
'Slippers',[Bearbay Baby Sock Shoes Rubber Sole Non-Skid Indoor Floor Slipper for Unisex Newborn Infants Toddlers Boys Girls],1,1,9.99,9.99
'Tees',[Gerber Baby Girls' 3-Pack Short Sleeve Tees],1,1,18.99,18.99
'Planning Boards',"[Magnetic Dry Erase Refrigerator Calendar with Markers - 15"" x 11"" Monthly Fridge Calendar and Today List, Fridge Whiteboard with Back Magnet]",1,1,9.99,9.99
'Lightweight',"[Summer Infant, 3D Mini Convenience Stroller – Lightweight Stroller with Compact Fold MultiPosition Recline Canopy with Pop Out Sun Visor and More – Umbrella Stroller for Travel and More, Gray]",1,1,59.99,59.99
'Extension Cords',"[GE home electrical 3-Outlet Power Strip, 12 Ft Extension Cord, 2 Prong, 16 Gauge, Twist-to-Close Safety Outlet Covers, Indoor Rated, Perfect for Home, Office or Kitchen, UL Listed, White, 51954]",1,1,6.9,6.9
"'Cookies, Biscuits & Snacks'","[Greenies Pill Pockets, 30 Count, Chicken Flavor, 3 Pack]",1,1,22.82,22.82
'Toilet Paper Holders',"[JQK Toilet Paper Holder, 5 Inch 304 Stainless Steel Thick 0.8mm Tissue Paper Dispenser for Bathroom, Hold Mega Rolls, Brushed Nickel Wall Mount, TPH100-BN]",1,1,10.99,10.99
'Pregnancy Tests',[Premom Pregnancy Test Strips- 30 Pack Early Detection Pregnancy Test Kit Powered by Premom Ovulation Predictor iOS and Android APP],1,1,11.0,11.0
'Deodorant',"[Speed Stick Men's Deodorant, Regular, 3 Ounce, 4 Pack]",1,1,11.16,11.16
'Cups',"[Turbo Bee 50 Pack 9oz Clear Plastic Cups,Disposable Crystal Drinking Cups,PET Plastic Party Cups for Wine,Juice,Iced Coffee and Cold Drinks]",1,1,11.59,11.59
'Plates',"[FOCUSLINE 150pcs Compostable Heavy-Duty Paper Plates Set Eco-Friendly Natural Disposable Bagasse Plates Cutlery Includes Biodegradable Plates, Forks, Knives, Spoons for Parties, Camping, Picnic, Decodinli Passover Party Supplies Serves 25, Passover Party Decorations, Passover Seder Plates and Napkins, Passover Themed Disposable Seder Plates and Cups, Passover Tableware Set]",2,2,31.979999999999997,15.989999999999998
'Seder Plates',"[Decodinli Passover Party Supplies Serves 25, Passover Party Decorations, Passover Seder Plates and Napkins, Passover Themed Disposable Seder Plates and Cups, Passover Tableware Set]",1,1,9.99,9.99
'Bottle Brushes',"[Munchkin® Sponge™ Bottle Brush, 2 Pack, Grey]",1,1,7.98,7.98
'Electric Toothbrushes',"[Amazon Basics Kids Battery Powered Toothbrush, 2 Count, 1 Pack (Previously Solimo)]",1,1,9.58,9.58
'Toothpaste',"[Hello Antiplaque Whitening Toothpaste, Fluoride Free Toothpaste for Teeth Whitening with Natural Peppermint Flavor and Tea Tree Oil, Peroxide Free, Gluten Free, SLS Free, 3 Pack, 4.7 OZ Tubes]",1,1,13.79,13.79
'Soaps',"[Dermaharmony 2% Pyrithione Zinc (ZnP) Bar Soap 4 oz - Crafted for Those with Skin Conditions - Seborrheic Dermatitis, Dandruff, Psoriasis, Eczema, etc.]",1,1,8.59,8.59
'Mouse Pads',"[Leather Desk Pad Protector,Mouse Pad,Office Desk Mat, Non-Slip PU Leather Desk Blotter,Laptop Desk Pad,Waterproof Desk Writing Pad for Office and Home (31.5"" x 15.7"", Light Grey)]",1,1,13.99,13.99
'Docking Stations',"[Plugable Universal Laptop Docking Station, 4K Dual Monitor, DisplayPort or HDMI, Windows Mac or ChromeOS Laptops, USB-C or USB 3.0, Adds 2 Displays, Ethernet, Audio, 6 USB Ports]",1,1,159.95,159.95
'Garden Edging',[Gardeneer by Dalen HammerEdge Pound in Edging - 16 Durable Interlocking Pieces -18 feet of Coverage - Made in USA - Easy to Install],1,1,34.85,34.85
'BB Creams',"[MISSHA M PERFECT COVER BB CREAM #21 SPF 42 PA+++, Multi-Function, High Coverage Makeup to help infuse moisture for firmer-looking skin with reduction in appearance of fine lines 50ml-Lightweight, Maybelline New York Dream Fresh Skin Hydrating BB cream, 8-in-1 Skin Perfecting Beauty Balm with Broad Spectrum SPF 30, Sheer Tint Coverage, Oil-Free, Light/Medium, 1 Fl Oz]",2,2,19.11,9.555
'Waist Packs',[Bachelorette Fanny Pack Set (12 pack) Includes Bride Fanny Pack I Fanny Packs for Bachelorette Party Favors I Bride Tribe Funny Fanny Packs],1,1,54.99,54.99
'Floating Shelves',"[Love-KANKEI Floating Shelves for Coffee Bar,Bathroom Shelves with Towel Bar, Wall Shelves with 8 Hooks for Kitchen, 17.3 Inch Storage Shelves Set of 2 for Bedroom,Living Room，Black, JORIKCHUO Nursery Book Shelves, Set of 2 Wood Floating Book Shelves for Kids Room, Kitchen Spice Rack, or Rustic Wall Mounted Shelves for Farmhouse Bathroom Decor (Natural Wood)]",2,2,44.98,22.49
'Surveillance Housing & Mounting Brackets',"[Zwolf Strong Adhesive Mount for YI Pan-Tilt Security Camera , No Hole Needed , Perfect View Angle for Yi Home 360 Degree Indoor Pet Cam (Pack of 2)]",1,1,19.99,19.99
'Nipples',"[NUK Smooth Flow Anti Colic Baby Bottle Nipples, Size 2 (6+ Months), Medium Flow, 2 Pack]",1,1,8.93,8.93
'Bath Rugs',"[DEXDE Bathroom Rugs Non-Slip Bath Mat, Luxury Soft Absorbent Plush Microfiber Bath mats for Bathroom, Washable Boho Bathroom Rugs, Carpet for Tub, Shower,20""x32"", Beige]",1,1,25.99,25.99
'Gliders',[NIOIIKIT Nursery Rocking Chair Teddy Upholstered Glider Rocker Rocking Accent Chair Padded Seat with High Backrest Armchair Comfy Side Chair for Living Room Bedroom Offices (Yellow Teddy)],1,1,159.99,159.99
'Storage Drawer Units',"[mDesign 35.3"" High Steel Frame/Wood Top Storage Dresser Furniture Unit, 8 Removable Slim Fabric Drawers - Tall Bureau Organizer for Bedroom, Living Room, Closet - Lido Collection, Black/Dark Gray]",1,1,66.99,66.99
'Clips',[40pcs Baby Hair Clips Tiny Bow Hair Clips for Newborn No Slip Toddler Mini Hair Bow Barrettes Hair Accessories for Baby Fine Hair Girls Infant Toddlers],1,1,11.99,11.99
"'Arts, Music & Photography'","[Sing a Song of Sunshine (Interactive Early Bird Children's Song Book with 10 Sing-Along Tunes), Bedtime Songs: 11-Button Interactive Children's Sound Book (Early Bird Song)]",2,2,34.589999999999996,17.294999999999998
"'Activities, Crafts & Games'","[World of Eric Carle, Around the Farm 30-Button Animal Sound Book - Great for First Words - PI Kids]",1,1,11.0,11.0
'Jackets',[WEONEDREAM Toddler Baby Boys Girls Winter Fleece Jacket Small Kids Warm Hooded Outwear Coat],1,1,26.99,26.99
'Bikinis',[YOUNGER TREE Toddler Baby Girls Summer Swimsuit Sleeveless Striped Swimwear Two-Piece Suit Beach Bikini],1,1,20.98,20.98
'One-Piece Suits',[BALEAF Women's Conservative Athletic Racerback One Piece Training Bathing Suit],1,1,32.99,32.99
'Sun Shelters',"[CleverMade Chair Umbrella, Outdoor Sport Canopy, Adjustable UPF 50+ Beach Umbrella with Clamps]",1,1,72.6,72.6
'Sun Protection',"[SILLY MONKEY Improved Design Umbrella Holder and Bonus Stroller Hook - Adjustable Parasol Clamp Mount for Stroller, Wheelchair, Rollator, Bike, Pram Sunshade - Complete with Non-Slip Multipurpose Clip]",1,1,15.99,15.99
'Outdoor Hanging Brackets',"[Perfin Wooden Wall Hooks, Plant Hangers Indoor, 8-Inch Wall Mounted Hanging Plant Hooks for Planters, Lanterns, Flower Bracket, Wind Chimes, Decoration Hooks (2 Pack)]",1,1,16.95,16.95
'Mug Hooks',[Fox Run Expanding Beechwood Coffee Mug Wall Rack],1,1,17.1,17.1
'Kitchen Storage & Organization Accessories',"[Signice Banana Holder Stand - Newest Patented Modern Banana Tree Hanger with Wood Base Stainless Steel Banana Rack for Home Kitchen Use,Doesn't Tip Over (Black)]",1,1,15.99,15.99
'Squirrels',"[Pennington Pride Waste Free Blend Wild Bird Seed, 10 lb]",1,1,24.99,24.99
'Feeders',[PAWBEE Window Bird Feeder - Window Bird Feeders with Strong Suction Cups - Suction Cup Bird Feeder Window with Drain Holes for Rain - Clear Bird Feeders for Window - Bird House for Window Outside],1,1,19.99,19.99
'Electrical Safety',"[Outlet Covers Baby Proofing White - PRObebi 38 Pack Plug Covers for Electrical Outlets, Child Proof Socket Covers, Baby Safety Products for Home, Office, Easy Insatllation, Protect Babies]",1,1,8.99,8.99
'Outlet Boxes',"[Safety Innovations Twin Door Baby Safety Outlet Cover Box for Babyproofing Outlets - More Interior Space for Extra Large Electrical Plugs and Adapters - Easy to Install - Easy to Use, (1-Pack)]",1,1,12.79,12.79
'Shower Caddies',"[Munchkin® High 'n Dry™ Corner Bath Toy Organizer and Storage, Grey]",1,1,11.44,11.44
'Stickers',"[ECam Rainbow Wall Decals, Boho Wall Decal, Rainbow Decal, Boho Wall Decor, Kids Wallpaper, Sun Wall Decal, Sun Wall Decor, Boho Rainbow Wallpaper for Nursery Playroom Kids Bedroom Classroom Decor, 23.62” X 23.62” Watercolor Boho Sun Wall Decals Peel and Stick, PVC Sunrise Wall Stickers, Yellow Sunshine Wall Art Decor for Kids Room Playroom Nursery Bedroom (Boho Sun-1)]",2,2,20.96,10.48
'Laxatives',"[MiraLAX Gentle Constipation Relief Laxative Powder, Stool Softener with PEG 3350, Works Naturally with Water in Your Body, No Harsh Side Effects, Osmotic Laxative, #1 Physician Recommended, 45 Dose, MiraLAX Gentle Constipation Relief Laxative Powder, Stool Softener with PEG 3350, Works Naturally with Water in Your Body, No Harsh Side Effects, Osmotic Laxative, #1 Physician Recommended, 45 Dose]",1,2,53.98,26.99
'Wall Stickers & Murals',"[5 Pieces Arch Wall Decal Boho Wall Decal Peel and Stick Modern Polka Dot Decals Arch Wall Stickers Terracotta Wall Decor Art Murals Wall Decal Removable Minimalist Wallpaper for Bedroom Living Room, Boho Arch Wall Decal Decor, Modern Simple Style Arch Wall Sticker for Living Room Bedroom, Removable Peel and Stick Large Boho Wallpaper Wall Art Hotel Corridor Decoration, 69.5”x32.3” (Yellow)(Wzy3), Tempaper TD3100 Arch Peel and Stick Wall Decal, Pastel Blue]",3,3,63.98,21.326666666666664
'Window Films',"[Privacy Window Film Decoration, Heat Control Window Tint for Home, Static Cling Glass Door Coverings Window Sticker Removable Non-Adhesive UV Blocking, White Frosted w/ Morocco Lines, 35.4 by 118.1 In]",1,1,34.99,34.99
'Whole Home & Mesh Wi-Fi Systems',[Google Nest WiFi Pro - Wi-Fi 6E - Reliable Home Wi-Fi System with Fast Speed and Whole Home Coverage - Mesh Wi-Fi Router - Snow],1,1,199.99,199.99
'Coin & Button Cell',"[Duracell CR2032 3V Lithium Battery, Child Safety Features, 4 Count Pack, Lithium Coin Battery for Key Fob, Car Remote, Glucose Monitor, CR Lithium 3 Volt Cell]",1,1,7.36,7.36
'Pillows',"[My Bebe Baby Self Feeding Cushion, Baby Self Feeding Pillow, Breast Feeding Pillow, Baby Feeding Bottle Holder]",1,1,24.99,24.99
'Cabinet Locks',"[ECHOGEAR TV Safety Straps for Flat Screens - Anchor TVs Up to 90"" to Furniture Or The Wall - Pre-Assembled Anti-Tip Strap Includes All Hardware for Baby Proofing Your TV]",1,1,15.99,15.99
'Tights',[EPEIUS Baby Tights Baby Girls Non-Slip Plain/Ribbed Leggings Seamless Cotton Stockings Pantyhose Newborn Infant Toddler],1,1,14.99,14.99
'Headwear',[2 Pcs Rainbow Top Clown Hats Adjustable Elastic Y Back Style Suspenders Adjustable Bow Tie for Adults Men Firefighter Women],1,1,30.99,30.99
'Butcher Paper',"[Meat Hugger - Pink Butcher Paper Dispenser Box (17.25 Inch by 225 Feet Roll) - Heavy Duty Unwaxed Unbleached Food Grade Paper - Smoker Safe, Use Wrap While Cooking For Tender Meat]",1,1,25.99,25.99
'Gloves',"[Kexle Nitrile Disposable Gloves Pack of 100, Latex Free Safety Working Gloves for Food Handle or Industrial Use]",1,1,26.99,26.99
'Spoons',"[Tameler baby Spoons Self Feeding 6+ Months - 7 Pack Silicone Toddler First Stage Solid Feeding Utensils, Baby Led Weaning Supplies, 2-in-1 Rainbow Chew Spoons for Kids - BPA Free- Diswasher Safe]",1,1,9.99,9.99
'Multi-Outlets',"[2 Prong Power Strip with Surge Protector 1700J, EyGde Multi Plug Outlet Extender with Rotating Plug, 6 Wall Outlet Splitter (3 Sided) with 4 USB Ports for Kitchen, Bathroom, White]",1,1,16.99,16.99
'Grill Covers',"[SHINESTAR Grill Cover for Pit Boss 700FB, Lexington 500, Classic 700 Wood Pellet Grill, Special Zipper Design, Waterproof & Windproof]",1,1,29.99,29.99
'Light Bulbs',"[Smart Light Bulbs [2 Pack], WiFi 2.4GHz & Bluetooth 5.0, Compatible w/ Alexa & Google Without Hub, Dimmable, Music Sync, Schedules, Color Changing Light Bulb RGBW Smart Bulb LED Bulb, A19/E26 9W 810LM]",1,1,17.99,17.99
'Women',"[BerryGo Women's Boho V Neck Ruffle Floral Wrap Maxi Dress, BALEAF Women's Conservative Athletic Racerback One Piece Training Bathing Suit, 2 Pcs Rainbow Top Clown Hats Adjustable Elastic Y Back Style Suspenders Adjustable Bow Tie for Adults Men Firefighter Women]",3,3,110.97,36.99
'Single Herbs & Spices',"[Elite Turkish Coffee with Cardamom, 3.5 oz (3 Pack), Elite Turkish Coffee with Cardamom, 3.5 oz (3 Pack), Elite Turkish Coffee with Cardamom, 3.5 oz (3 Pack)]",1,3,44.07,14.69
'Wrenches',"[Klein Tools JTH6M3 3 mm Hex Key with Journeyman T-Handle, 6-Inch]",1,1,3.99,3.99
'Decorations',"[NUFR 3 Feet Inflatable Penis and Pump Pack Blow Up Penis for Hen Party, Bachelor Party, Bachelorette Party , Bridal Shower Party Decorations and Games]",1,1,13.99,13.99
'Event & Party Supplies',"[Table Top Penis Ring Toss Bachelorette Party Game, Same Penis Forever Favors, Divorce Party, Hen Party, Girls Night Out, Dick, NUFR 3 Feet Inflatable Penis and Pump Pack Blow Up Penis for Hen Party, Bachelor Party, Bachelorette Party , Bridal Shower Party Decorations and Games]",2,2,26.98,13.49
'Optical Drives',"[Gotega External DVD Drive, USB 3.0 Portable CD/DVD +/-RW Drive/DVD Player for Laptop CD ROM Burner Compatible with Laptop Desktop PC Windows Linux OS Apple Mac Black]",1,1,22.99,22.99
'Umbrellas & Shade',"[Sun Shade Hardware Kit for Rectangle and Square Sun Shade Sails Installation,5 inch Heavy Duty Anti-Rust Sail Shade Hardware Kit with 50 ft Cable Wire Ropes, SUNNY GUARD Sun Shade Sail 16'5''x16'5''x16'5'' Triangle Terra UV Block Sunshade for Backyard Yard Deck Patio Garden Outdoor Activities and Facility(We Make Custom Size)]",2,2,58.980000000000004,29.490000000000002
'Specialty Clocks',"[KEYPOWER Cuckoo Clock Cuckoo Wall Clock,Cuckoo Bird Voices Call, Design Clock Pendulum, Bird House, Wall Art Home Living Room Kitchen Office Decoration (Green)]",1,1,42.99,42.99
'Dental Floss & Picks',"[Plackers Micro Mint Dental Flossers, Fresh Mint Flavor, Fold-Out Toothpick, Super Tuffloss, Easy Storage with Sure-Zip Seal, 150 Count]",1,1,4.22,4.22
'Chargers & Power Adapters',"[3Pack Dual Port USB-C Wall Plug-in USB Charger, AILKIN 20W Power Delivery + QC3.0 USB A Double Port Fast Charging Block for iPhone 14 13 12 Pro Max 14 Pro 12 Mini 14 11 Pro Max 14 Plus 11 SE X XS Cube]",1,1,15.99,15.99
'Furniture Hardware',"[SoftTouch 1"" x 60"" Heavy-Duty Self-Stick Felt Furniture Strip Roll - Protect Surfaces from Scratches & Damage, Beige (3 Pack)]",1,1,15.27,15.27
'Shoes',[Bearbay Baby Sock Shoes Rubber Sole Non-Skid Indoor Floor Slipper for Unisex Newborn Infants Toddlers Boys Girls],1,1,9.99,9.99
'Tops',[Gerber Baby Girls' 3-Pack Short Sleeve Tees],1,1,18.99,18.99
"'Calendars, Planners & Personal Organizers'","[Magnetic Dry Erase Refrigerator Calendar with Markers - 15"" x 11"" Monthly Fridge Calendar and Today List, Fridge Whiteboard with Back Magnet]",1,1,9.99,9.99
'Strollers',"[Summer Infant, 3D Mini Convenience Stroller – Lightweight Stroller with Compact Fold MultiPosition Recline Canopy with Pop Out Sun Visor and More – Umbrella Stroller for Travel and More, Gray]",1,1,59.99,59.99
"'Cords, Adapters & Multi-Outlets'","[GE home electrical 3-Outlet Power Strip, 12 Ft Extension Cord, 2 Prong, 16 Gauge, Twist-to-Close Safety Outlet Covers, Indoor Rated, Perfect for Home, Office or Kitchen, UL Listed, White, 51954, 2 Prong Power Strip with Surge Protector 1700J, EyGde Multi Plug Outlet Extender with Rotating Plug, 6 Wall Outlet Splitter (3 Sided) with 4 USB Ports for Kitchen, Bathroom, White]",2,2,23.89,11.945
'Treats',"[Greenies Pill Pockets, 30 Count, Chicken Flavor, 3 Pack]",1,1,22.82,22.82
'Bathroom Hardware',"[JQK Toilet Paper Holder, 5 Inch 304 Stainless Steel Thick 0.8mm Tissue Paper Dispenser for Bathroom, Hold Mega Rolls, Brushed Nickel Wall Mount, TPH100-BN]",1,1,10.99,10.99
'Family Planning Tests',[Premom Pregnancy Test Strips- 30 Pack Early Detection Pregnancy Test Kit Powered by Premom Ovulation Predictor iOS and Android APP],1,1,11.0,11.0
'Deodorants & Antiperspirants',"[Speed Stick Men's Deodorant, Regular, 3 Ounce, 4 Pack]",1,1,11.16,11.16
'Disposable Drinkware',"[Turbo Bee 50 Pack 9oz Clear Plastic Cups,Disposable Crystal Drinking Cups,PET Plastic Party Cups for Wine,Juice,Iced Coffee and Cold Drinks]",1,1,11.59,11.59
"'Disposable Plates, Bowls & Cutlery'","[FOCUSLINE 150pcs Compostable Heavy-Duty Paper Plates Set Eco-Friendly Natural Disposable Bagasse Plates Cutlery Includes Biodegradable Plates, Forks, Knives, Spoons for Parties, Camping, Picnic]",1,1,21.99,21.99
'Specialty Plates',"[Decodinli Passover Party Supplies Serves 25, Passover Party Decorations, Passover Seder Plates and Napkins, Passover Themed Disposable Seder Plates and Cups, Passover Tableware Set]",1,1,9.99,9.99
'Bottle Cleaning',"[Munchkin® Sponge™ Bottle Brush, 2 Pack, Grey]",1,1,7.98,7.98
'Electric Toothbrushes & Accessories',"[Amazon Basics Kids Battery Powered Toothbrush, 2 Count, 1 Pack (Previously Solimo)]",1,1,9.58,9.58
'Oral Care',"[Hello Antiplaque Whitening Toothpaste, Fluoride Free Toothpaste for Teeth Whitening with Natural Peppermint Flavor and Tea Tree Oil, Peroxide Free, Gluten Free, SLS Free, 3 Pack, 4.7 OZ Tubes, Plackers Micro Mint Dental Flossers, Fresh Mint Flavor, Fold-Out Toothpick, Super Tuffloss, Easy Storage with Sure-Zip Seal, 150 Count, Amazon Basics Kids Battery Powered Toothbrush, 2 Count, 1 Pack (Previously Solimo)]",3,3,27.589999999999996,9.196666666666665
'Cleansers',"[Dermaharmony 2% Pyrithione Zinc (ZnP) Bar Soap 4 oz - Crafted for Those with Skin Conditions - Seborrheic Dermatitis, Dandruff, Psoriasis, Eczema, etc.]",1,1,8.59,8.59
'Mouse Pads & Wrist Rests',"[Leather Desk Pad Protector,Mouse Pad,Office Desk Mat, Non-Slip PU Leather Desk Blotter,Laptop Desk Pad,Waterproof Desk Writing Pad for Office and Home (31.5"" x 15.7"", Light Grey)]",1,1,13.99,13.99
'Laptop Accessories',"[Plugable Universal Laptop Docking Station, 4K Dual Monitor, DisplayPort or HDMI, Windows Mac or ChromeOS Laptops, USB-C or USB 3.0, Adds 2 Displays, Ethernet, Audio, 6 USB Ports]",1,1,159.95,159.95
'Plant Support Structures',[Gardeneer by Dalen HammerEdge Pound in Edging - 16 Durable Interlocking Pieces -18 feet of Coverage - Made in USA - Easy to Install],1,1,34.85,34.85
'Face',"[MISSHA M PERFECT COVER BB CREAM #21 SPF 42 PA+++, Multi-Function, High Coverage Makeup to help infuse moisture for firmer-looking skin with reduction in appearance of fine lines 50ml-Lightweight, Maybelline New York Dream Fresh Skin Hydrating BB cream, 8-in-1 Skin Perfecting Beauty Balm with Broad Spectrum SPF 30, Sheer Tint Coverage, Oil-Free, Light/Medium, 1 Fl Oz]",2,2,19.11,9.555
'Luggage & Travel Gear',[Bachelorette Fanny Pack Set (12 pack) Includes Bride Fanny Pack I Fanny Packs for Bachelorette Party Favors I Bride Tribe Funny Fanny Packs],1,1,54.99,54.99
'Home Décor Accents',"[Love-KANKEI Floating Shelves for Coffee Bar,Bathroom Shelves with Towel Bar, Wall Shelves with 8 Hooks for Kitchen, 17.3 Inch Storage Shelves Set of 2 for Bedroom,Living Room，Black, JORIKCHUO Nursery Book Shelves, Set of 2 Wood Floating Book Shelves for Kids Room, Kitchen Spice Rack, or Rustic Wall Mounted Shelves for Farmhouse Bathroom Decor (Natural Wood)]",2,2,44.98,22.49
'Accessories',"[Zwolf Strong Adhesive Mount for YI Pan-Tilt Security Camera , No Hole Needed , Perfect View Angle for Yi Home 360 Degree Indoor Pet Cam (Pack of 2), SILLY MONKEY Improved Design Umbrella Holder and Bonus Stroller Hook - Adjustable Parasol Clamp Mount for Stroller, Wheelchair, Rollator, Bike, Pram Sunshade - Complete with Non-Slip Multipurpose Clip, EPEIUS Baby Tights Baby Girls Non-Slip Plain/Ribbed Leggings Seamless Cotton Stockings Pantyhose Newborn Infant Toddler, 2 Pcs Rainbow Top Clown Hats Adjustable Elastic Y Back Style Suspenders Adjustable Bow Tie for Adults Men Firefighter Women, 3Pack Dual Port USB-C Wall Plug-in USB Charger, AILKIN 20W Power Delivery + QC3.0 USB A Double Port Fast Charging Block for iPhone 14 13 12 Pro Max 14 Pro 12 Mini 14 11 Pro Max 14 Plus 11 SE X XS Cube]",5,5,97.94999999999999,19.589999999999996
'Bottle-Feeding',"[NUK Smooth Flow Anti Colic Baby Bottle Nipples, Size 2 (6+ Months), Medium Flow, 2 Pack, Munchkin® Sponge™ Bottle Brush, 2 Pack, Grey]",2,2,16.91,8.455
'Bath',"[DEXDE Bathroom Rugs Non-Slip Bath Mat, Luxury Soft Absorbent Plush Microfiber Bath mats for Bathroom, Washable Boho Bathroom Rugs, Carpet for Tub, Shower,20""x32"", Beige, Munchkin® High 'n Dry™ Corner Bath Toy Organizer and Storage, Grey]",2,2,37.43,18.715
'Game & Recreation Room Furniture',[NIOIIKIT Nursery Rocking Chair Teddy Upholstered Glider Rocker Rocking Accent Chair Padded Seat with High Backrest Armchair Comfy Side Chair for Living Room Bedroom Offices (Yellow Teddy)],1,1,159.99,159.99
"'Racks, Shelves & Drawers'","[mDesign 35.3"" High Steel Frame/Wood Top Storage Dresser Furniture Unit, 8 Removable Slim Fabric Drawers - Tall Bureau Organizer for Bedroom, Living Room, Closet - Lido Collection, Black/Dark Gray]",1,1,66.99,66.99
'Hair Accessories',[40pcs Baby Hair Clips Tiny Bow Hair Clips for Newborn No Slip Toddler Mini Hair Bow Barrettes Hair Accessories for Baby Fine Hair Girls Infant Toddlers],1,1,11.99,11.99
"""Children's Books""","[Sing a Song of Sunshine (Interactive Early Bird Children's Song Book with 10 Sing-Along Tunes), Bedtime Songs: 11-Button Interactive Children's Sound Book (Early Bird Song), World of Eric Carle, Around the Farm 30-Button Animal Sound Book - Great for First Words - PI Kids]",3,3,45.589999999999996,15.196666666666665
'Jackets & Coats',[WEONEDREAM Toddler Baby Boys Girls Winter Fleece Jacket Small Kids Warm Hooded Outwear Coat],1,1,26.99,26.99
'Two-Pieces',[YOUNGER TREE Toddler Baby Girls Summer Swimsuit Sleeveless Striped Swimwear Two-Piece Suit Beach Bikini],1,1,20.98,20.98
'Camping Shelters',"[CleverMade Chair Umbrella, Outdoor Sport Canopy, Adjustable UPF 50+ Beach Umbrella with Clamps]",1,1,72.6,72.6
'Outdoor Décor',"[Perfin Wooden Wall Hooks, Plant Hangers Indoor, 8-Inch Wall Mounted Hanging Plant Hooks for Planters, Lanterns, Flower Bracket, Wind Chimes, Decoration Hooks (2 Pack), Pennington Pride Waste Free Blend Wild Bird Seed, 10 lb, PAWBEE Window Bird Feeder - Window Bird Feeders with Strong Suction Cups - Suction Cup Bird Feeder Window with Drain Holes for Rain - Clear Bird Feeders for Window - Bird House for Window Outside]",3,3,61.92999999999999,20.64333333333333
'Racks & Holders',[Fox Run Expanding Beechwood Coffee Mug Wall Rack],1,1,17.1,17.1
'Storage & Organization',"[Signice Banana Holder Stand - Newest Patented Modern Banana Tree Hanger with Wood Base Stainless Steel Banana Rack for Home Kitchen Use,Doesn't Tip Over (Black), mDesign 35.3"" High Steel Frame/Wood Top Storage Dresser Furniture Unit, 8 Removable Slim Fabric Drawers - Tall Bureau Organizer for Bedroom, Living Room, Closet - Lido Collection, Black/Dark Gray, Fox Run Expanding Beechwood Coffee Mug Wall Rack, TEDIDUWA Industrial Pipe Clothing Rack with Top Shelf, Space-Saving Wall Mounted Clothes Rack, Shelf with Hanging Rod for Closet Storage, Laundry Room. (1T, Brown)]",4,4,149.07999999999998,37.269999999999996
'Backyard Birding & Wildlife',"[Pennington Pride Waste Free Blend Wild Bird Seed, 10 lb, PAWBEE Window Bird Feeder - Window Bird Feeders with Strong Suction Cups - Suction Cup Bird Feeder Window with Drain Holes for Rain - Clear Bird Feeders for Window - Bird House for Window Outside]",2,2,44.98,22.49
'Birds',[PAWBEE Window Bird Feeder - Window Bird Feeders with Strong Suction Cups - Suction Cup Bird Feeder Window with Drain Holes for Rain - Clear Bird Feeders for Window - Bird House for Window Outside],1,1,19.99,19.99
"'Electrical Boxes, Conduits & Fittings'","[Safety Innovations Twin Door Baby Safety Outlet Cover Box for Babyproofing Outlets - More Interior Space for Extra Large Electrical Plugs and Adapters - Easy to Install - Easy to Use, (1-Pack)]",1,1,12.79,12.79
'Shower Accessories',"[Munchkin® High 'n Dry™ Corner Bath Toy Organizer and Storage, Grey]",1,1,11.44,11.44
'Wall Décor',"[ECam Rainbow Wall Decals, Boho Wall Decal, Rainbow Decal, Boho Wall Decor, Kids Wallpaper, Sun Wall Decal, Sun Wall Decor, Boho Rainbow Wallpaper for Nursery Playroom Kids Bedroom Classroom Decor, 23.62” X 23.62” Watercolor Boho Sun Wall Decals Peel and Stick, PVC Sunrise Wall Stickers, Yellow Sunshine Wall Art Decor for Kids Room Playroom Nursery Bedroom (Boho Sun-1)]",2,2,20.96,10.48
'Digestion & Nausea',"[MiraLAX Gentle Constipation Relief Laxative Powder, Stool Softener with PEG 3350, Works Naturally with Water in Your Body, No Harsh Side Effects, Osmotic Laxative, #1 Physician Recommended, 45 Dose, MiraLAX Gentle Constipation Relief Laxative Powder, Stool Softener with PEG 3350, Works Naturally with Water in Your Body, No Harsh Side Effects, Osmotic Laxative, #1 Physician Recommended, 45 Dose]",1,2,53.98,26.99
"'Paint, Wall Treatments & Supplies'","[5 Pieces Arch Wall Decal Boho Wall Decal Peel and Stick Modern Polka Dot Decals Arch Wall Stickers Terracotta Wall Decor Art Murals Wall Decal Removable Minimalist Wallpaper for Bedroom Living Room, Boho Arch Wall Decal Decor, Modern Simple Style Arch Wall Sticker for Living Room Bedroom, Removable Peel and Stick Large Boho Wallpaper Wall Art Hotel Corridor Decoration, 69.5”x32.3” (Yellow)(Wzy3), Tempaper TD3100 Arch Peel and Stick Wall Decal, Pastel Blue]",3,3,63.98,21.326666666666664
'Window Stickers & Films',"[Privacy Window Film Decoration, Heat Control Window Tint for Home, Static Cling Glass Door Coverings Window Sticker Removable Non-Adhesive UV Blocking, White Frosted w/ Morocco Lines, 35.4 by 118.1 In]",1,1,34.99,34.99
'Networking Products',[Google Nest WiFi Pro - Wi-Fi 6E - Reliable Home Wi-Fi System with Fast Speed and Whole Home Coverage - Mesh Wi-Fi Router - Snow],1,1,199.99,199.99
'Household Batteries',"[Duracell CR2032 3V Lithium Battery, Child Safety Features, 4 Count Pack, Lithium Coin Battery for Key Fob, Car Remote, Glucose Monitor, CR Lithium 3 Volt Cell]",1,1,7.36,7.36
'Pillows & Pillow Covers',"[My Bebe Baby Self Feeding Cushion, Baby Self Feeding Pillow, Breast Feeding Pillow, Baby Feeding Bottle Holder]",1,1,24.99,24.99
'Guards & Locks',"[ECHOGEAR TV Safety Straps for Flat Screens - Anchor TVs Up to 90"" to Furniture Or The Wall - Pre-Assembled Anti-Tip Strap Includes All Hardware for Baby Proofing Your TV]",1,1,15.99,15.99
'Disposables',"[Meat Hugger - Pink Butcher Paper Dispenser Box (17.25 Inch by 225 Feet Roll) - Heavy Duty Unwaxed Unbleached Food Grade Paper - Smoker Safe, Use Wrap While Cooking For Tender Meat]",1,1,25.99,25.99
'Cleaning Tools',"[Kexle Nitrile Disposable Gloves Pack of 100, Latex Free Safety Working Gloves for Food Handle or Industrial Use]",1,1,26.99,26.99
'Utensils',"[Tameler baby Spoons Self Feeding 6+ Months - 7 Pack Silicone Toddler First Stage Solid Feeding Utensils, Baby Led Weaning Supplies, 2-in-1 Rainbow Chew Spoons for Kids - BPA Free- Diswasher Safe]",1,1,9.99,9.99
'Adapters & Multi-Outlets',"[2 Prong Power Strip with Surge Protector 1700J, EyGde Multi Plug Outlet Extender with Rotating Plug, 6 Wall Outlet Splitter (3 Sided) with 4 USB Ports for Kitchen, Bathroom, White]",1,1,16.99,16.99
'Outdoor Cooking Tools & Accessories',"[SHINESTAR Grill Cover for Pit Boss 700FB, Lexington 500, Classic 700 Wood Pellet Grill, Special Zipper Design, Waterproof & Windproof]",1,1,29.99,29.99
'Tools & Home Improvement',"[Smart Light Bulbs [2 Pack], WiFi 2.4GHz & Bluetooth 5.0, Compatible w/ Alexa & Google Without Hub, Dimmable, Music Sync, Schedules, Color Changing Light Bulb RGBW Smart Bulb LED Bulb, A19/E26 9W 810LM, 5 Pieces Arch Wall Decal Boho Wall Decal Peel and Stick Modern Polka Dot Decals Arch Wall Stickers Terracotta Wall Decor Art Murals Wall Decal Removable Minimalist Wallpaper for Bedroom Living Room, Boho Arch Wall Decal Decor, Modern Simple Style Arch Wall Sticker for Living Room Bedroom, Removable Peel and Stick Large Boho Wallpaper Wall Art Hotel Corridor Decoration, 69.5”x32.3” (Yellow)(Wzy3), Tempaper TD3100 Arch Peel and Stick Wall Decal, Pastel Blue, SoftTouch 1"" x 60"" Heavy-Duty Self-Stick Felt Furniture Strip Roll - Protect Surfaces from Scratches & Damage, Beige (3 Pack), GE home electrical 3-Outlet Power Strip, 12 Ft Extension Cord, 2 Prong, 16 Gauge, Twist-to-Close Safety Outlet Covers, Indoor Rated, Perfect for Home, Office or Kitchen, UL Listed, White, 51954, JQK Toilet Paper Holder, 5 Inch 304 Stainless Steel Thick 0.8mm Tissue Paper Dispenser for Bathroom, Hold Mega Rolls, Brushed Nickel Wall Mount, TPH100-BN, Safety Innovations Twin Door Baby Safety Outlet Cover Box for Babyproofing Outlets - More Interior Space for Extra Large Electrical Plugs and Adapters - Easy to Install - Easy to Use, (1-Pack), Klein Tools JTH6M3 3 mm Hex Key with Journeyman T-Handle, 6-Inch, 2 Prong Power Strip with Surge Protector 1700J, EyGde Multi Plug Outlet Extender with Rotating Plug, 6 Wall Outlet Splitter (3 Sided) with 4 USB Ports for Kitchen, Bathroom, White]",10,10,148.9,14.89
"'Herbs, Spices & Seasonings'","[Elite Turkish Coffee with Cardamom, 3.5 oz (3 Pack), Elite Turkish Coffee with Cardamom, 3.5 oz (3 Pack), Elite Turkish Coffee with Cardamom, 3.5 oz (3 Pack)]",1,3,44.07,14.69
'Hand Tools',"[Klein Tools JTH6M3 3 mm Hex Key with Journeyman T-Handle, 6-Inch]",1,1,3.99,3.99
'Home & Kitchen',"[Table Top Penis Ring Toss Bachelorette Party Game, Same Penis Forever Favors, Divorce Party, Hen Party, Girls Night Out, Dick, DEXDE Bathroom Rugs Non-Slip Bath Mat, Luxury Soft Absorbent Plush Microfiber Bath mats for Bathroom, Washable Boho Bathroom Rugs, Carpet for Tub, Shower,20""x32"", Beige, NUFR 3 Feet Inflatable Penis and Pump Pack Blow Up Penis for Hen Party, Bachelor Party, Bachelorette Party , Bridal Shower Party Decorations and Games, Love-KANKEI Floating Shelves for Coffee Bar,Bathroom Shelves with Towel Bar, Wall Shelves with 8 Hooks for Kitchen, 17.3 Inch Storage Shelves Set of 2 for Bedroom,Living Room，Black, JORIKCHUO Nursery Book Shelves, Set of 2 Wood Floating Book Shelves for Kids Room, Kitchen Spice Rack, or Rustic Wall Mounted Shelves for Farmhouse Bathroom Decor (Natural Wood), NIOIIKIT Nursery Rocking Chair Teddy Upholstered Glider Rocker Rocking Accent Chair Padded Seat with High Backrest Armchair Comfy Side Chair for Living Room Bedroom Offices (Yellow Teddy), mDesign 35.3"" High Steel Frame/Wood Top Storage Dresser Furniture Unit, 8 Removable Slim Fabric Drawers - Tall Bureau Organizer for Bedroom, Living Room, Closet - Lido Collection, Black/Dark Gray, Signice Banana Holder Stand - Newest Patented Modern Banana Tree Hanger with Wood Base Stainless Steel Banana Rack for Home Kitchen Use,Doesn't Tip Over (Black), KEYPOWER Cuckoo Clock Cuckoo Wall Clock,Cuckoo Bird Voices Call, Design Clock Pendulum, Bird House, Wall Art Home Living Room Kitchen Office Decoration (Green), Fox Run Expanding Beechwood Coffee Mug Wall Rack, Munchkin® High 'n Dry™ Corner Bath Toy Organizer and Storage, Grey, Privacy Window Film Decoration, Heat Control Window Tint for Home, Static Cling Glass Door Coverings Window Sticker Removable Non-Adhesive UV Blocking, White Frosted w/ Morocco Lines, 35.4 by 118.1 In, Decodinli Passover Party Supplies Serves 25, Passover Party Decorations, Passover Seder Plates and Napkins, Passover Themed Disposable Seder Plates and Cups, Passover Tableware Set, TEDIDUWA Industrial Pipe Clothing Rack with Top Shelf, Space-Saving Wall Mounted Clothes Rack, Shelf with Hanging Rod for Closet Storage, Laundry Room. (1T, Brown)]",14,14,506.43000000000006,36.173571428571435
'External Components',"[Gotega External DVD Drive, USB 3.0 Portable CD/DVD +/-RW Drive/DVD Player for Laptop CD ROM Burner Compatible with Laptop Desktop PC Windows Linux OS Apple Mac Black]",1,1,22.99,22.99
'Patio Furniture & Accessories',"[Sun Shade Hardware Kit for Rectangle and Square Sun Shade Sails Installation,5 inch Heavy Duty Anti-Rust Sail Shade Hardware Kit with 50 ft Cable Wire Ropes, SUNNY GUARD Sun Shade Sail 16'5''x16'5''x16'5'' Triangle Terra UV Block Sunshade for Backyard Yard Deck Patio Garden Outdoor Activities and Facility(We Make Custom Size)]",2,2,58.980000000000004,29.490000000000002
'Clocks',"[KEYPOWER Cuckoo Clock Cuckoo Wall Clock,Cuckoo Bird Voices Call, Design Clock Pendulum, Bird House, Wall Art Home Living Room Kitchen Office Decoration (Green)]",1,1,42.99,42.99
'Hardware',"[SoftTouch 1"" x 60"" Heavy-Duty Self-Stick Felt Furniture Strip Roll - Protect Surfaces from Scratches & Damage, Beige (3 Pack), JQK Toilet Paper Holder, 5 Inch 304 Stainless Steel Thick 0.8mm Tissue Paper Dispenser for Bathroom, Hold Mega Rolls, Brushed Nickel Wall Mount, TPH100-BN]",2,2,26.259999999999998,13.129999999999999
'Baby Girls',"[Bearbay Baby Sock Shoes Rubber Sole Non-Skid Indoor Floor Slipper for Unisex Newborn Infants Toddlers Boys Girls, EPEIUS Baby Tights Baby Girls Non-Slip Plain/Ribbed Leggings Seamless Cotton Stockings Pantyhose Newborn Infant Toddler, Gerber Baby Girls' 3-Pack Short Sleeve Tees, YOUNGER TREE Toddler Baby Girls Summer Swimsuit Sleeveless Striped Swimwear Two-Piece Suit Beach Bikini]",4,4,64.95,16.2375
'Clothing',"[Gerber Baby Girls' 3-Pack Short Sleeve Tees, WEONEDREAM Toddler Baby Boys Girls Winter Fleece Jacket Small Kids Warm Hooded Outwear Coat, BerryGo Women's Boho V Neck Ruffle Floral Wrap Maxi Dress, YOUNGER TREE Toddler Baby Girls Summer Swimsuit Sleeveless Striped Swimwear Two-Piece Suit Beach Bikini]",4,4,113.95,28.4875
'Office & School Supplies',"[Magnetic Dry Erase Refrigerator Calendar with Markers - 15"" x 11"" Monthly Fridge Calendar and Today List, Fridge Whiteboard with Back Magnet, Leather Desk Pad Protector,Mouse Pad,Office Desk Mat, Non-Slip PU Leather Desk Blotter,Laptop Desk Pad,Waterproof Desk Writing Pad for Office and Home (31.5"" x 15.7"", Light Grey)]",2,2,23.98,11.99
'Strollers & Accessories',"[Summer Infant, 3D Mini Convenience Stroller – Lightweight Stroller with Compact Fold MultiPosition Recline Canopy with Pop Out Sun Visor and More – Umbrella Stroller for Travel and More, Gray, SILLY MONKEY Improved Design Umbrella Holder and Bonus Stroller Hook - Adjustable Parasol Clamp Mount for Stroller, Wheelchair, Rollator, Bike, Pram Sunshade - Complete with Non-Slip Multipurpose Clip]",2,2,75.98,37.99
'Electrical',"[GE home electrical 3-Outlet Power Strip, 12 Ft Extension Cord, 2 Prong, 16 Gauge, Twist-to-Close Safety Outlet Covers, Indoor Rated, Perfect for Home, Office or Kitchen, UL Listed, White, 51954, Safety Innovations Twin Door Baby Safety Outlet Cover Box for Babyproofing Outlets - More Interior Space for Extra Large Electrical Plugs and Adapters - Easy to Install - Easy to Use, (1-Pack), 2 Prong Power Strip with Surge Protector 1700J, EyGde Multi Plug Outlet Extender with Rotating Plug, 6 Wall Outlet Splitter (3 Sided) with 4 USB Ports for Kitchen, Bathroom, White]",3,3,36.67999999999999,12.226666666666665
'Dogs',"[Greenies Pill Pockets, 30 Count, Chicken Flavor, 3 Pack]",1,1,22.82,22.82
'Home Tests',[Premom Pregnancy Test Strips- 30 Pack Early Detection Pregnancy Test Kit Powered by Premom Ovulation Predictor iOS and Android APP],1,1,11.0,11.0
'Paper & Plastic',"[Turbo Bee 50 Pack 9oz Clear Plastic Cups,Disposable Crystal Drinking Cups,PET Plastic Party Cups for Wine,Juice,Iced Coffee and Cold Drinks, FOCUSLINE 150pcs Compostable Heavy-Duty Paper Plates Set Eco-Friendly Natural Disposable Bagasse Plates Cutlery Includes Biodegradable Plates, Forks, Knives, Spoons for Parties, Camping, Picnic]",2,2,33.58,16.79
"""Children's Dental Care""","[Amazon Basics Kids Battery Powered Toothbrush, 2 Count, 1 Pack (Previously Solimo)]",1,1,9.58,9.58
'Health & Household',"[Hello Antiplaque Whitening Toothpaste, Fluoride Free Toothpaste for Teeth Whitening with Natural Peppermint Flavor and Tea Tree Oil, Peroxide Free, Gluten Free, SLS Free, 3 Pack, 4.7 OZ Tubes, Plackers Micro Mint Dental Flossers, Fresh Mint Flavor, Fold-Out Toothpick, Super Tuffloss, Easy Storage with Sure-Zip Seal, 150 Count, Duracell CR2032 3V Lithium Battery, Child Safety Features, 4 Count Pack, Lithium Coin Battery for Key Fob, Car Remote, Glucose Monitor, CR Lithium 3 Volt Cell, Kexle Nitrile Disposable Gloves Pack of 100, Latex Free Safety Working Gloves for Food Handle or Industrial Use, Premom Pregnancy Test Strips- 30 Pack Early Detection Pregnancy Test Kit Powered by Premom Ovulation Predictor iOS and Android APP, Turbo Bee 50 Pack 9oz Clear Plastic Cups,Disposable Crystal Drinking Cups,PET Plastic Party Cups for Wine,Juice,Iced Coffee and Cold Drinks, FOCUSLINE 150pcs Compostable Heavy-Duty Paper Plates Set Eco-Friendly Natural Disposable Bagasse Plates Cutlery Includes Biodegradable Plates, Forks, Knives, Spoons for Parties, Camping, Picnic, MiraLAX Gentle Constipation Relief Laxative Powder, Stool Softener with PEG 3350, Works Naturally with Water in Your Body, No Harsh Side Effects, Osmotic Laxative, #1 Physician Recommended, 45 Dose, MiraLAX Gentle Constipation Relief Laxative Powder, Stool Softener with PEG 3350, Works Naturally with Water in Your Body, No Harsh Side Effects, Osmotic Laxative, #1 Physician Recommended, 45 Dose, Amazon Basics Kids Battery Powered Toothbrush, 2 Count, 1 Pack (Previously Solimo)]",9,10,160.5,16.05
'Body',"[Dermaharmony 2% Pyrithione Zinc (ZnP) Bar Soap 4 oz - Crafted for Those with Skin Conditions - Seborrheic Dermatitis, Dandruff, Psoriasis, Eczema, etc.]",1,1,8.59,8.59
'Desk Accessories & Workspace Organizers',"[Leather Desk Pad Protector,Mouse Pad,Office Desk Mat, Non-Slip PU Leather Desk Blotter,Laptop Desk Pad,Waterproof Desk Writing Pad for Office and Home (31.5"" x 15.7"", Light Grey)]",1,1,13.99,13.99
'Computers & Accessories',"[Plugable Universal Laptop Docking Station, 4K Dual Monitor, DisplayPort or HDMI, Windows Mac or ChromeOS Laptops, USB-C or USB 3.0, Adds 2 Displays, Ethernet, Audio, 6 USB Ports, Google Nest WiFi Pro - Wi-Fi 6E - Reliable Home Wi-Fi System with Fast Speed and Whole Home Coverage - Mesh Wi-Fi Router - Snow, Gotega External DVD Drive, USB 3.0 Portable CD/DVD +/-RW Drive/DVD Player for Laptop CD ROM Burner Compatible with Laptop Desktop PC Windows Linux OS Apple Mac Black]",3,3,382.93,127.64333333333333
'Gardening & Lawn Care',[Gardeneer by Dalen HammerEdge Pound in Edging - 16 Durable Interlocking Pieces -18 feet of Coverage - Made in USA - Easy to Install],1,1,34.85,34.85
'Makeup',"[MISSHA M PERFECT COVER BB CREAM #21 SPF 42 PA+++, Multi-Function, High Coverage Makeup to help infuse moisture for firmer-looking skin with reduction in appearance of fine lines 50ml-Lightweight, Maybelline New York Dream Fresh Skin Hydrating BB cream, 8-in-1 Skin Perfecting Beauty Balm with Broad Spectrum SPF 30, Sheer Tint Coverage, Oil-Free, Light/Medium, 1 Fl Oz]",2,2,19.11,9.555
"'Clothing, Shoes & Jewelry'","[Bachelorette Fanny Pack Set (12 pack) Includes Bride Fanny Pack I Fanny Packs for Bachelorette Party Favors I Bride Tribe Funny Fanny Packs, Bearbay Baby Sock Shoes Rubber Sole Non-Skid Indoor Floor Slipper for Unisex Newborn Infants Toddlers Boys Girls, BALEAF Women's Conservative Athletic Racerback One Piece Training Bathing Suit, EPEIUS Baby Tights Baby Girls Non-Slip Plain/Ribbed Leggings Seamless Cotton Stockings Pantyhose Newborn Infant Toddler, 2 Pcs Rainbow Top Clown Hats Adjustable Elastic Y Back Style Suspenders Adjustable Bow Tie for Adults Men Firefighter Women, BerryGo Women's Boho V Neck Ruffle Floral Wrap Maxi Dress, Gerber Baby Girls' 3-Pack Short Sleeve Tees, WEONEDREAM Toddler Baby Boys Girls Winter Fleece Jacket Small Kids Warm Hooded Outwear Coat, YOUNGER TREE Toddler Baby Girls Summer Swimsuit Sleeveless Striped Swimwear Two-Piece Suit Beach Bikini]",9,9,257.90000000000003,28.65555555555556
'Home Décor Products',"[Love-KANKEI Floating Shelves for Coffee Bar,Bathroom Shelves with Towel Bar, Wall Shelves with 8 Hooks for Kitchen, 17.3 Inch Storage Shelves Set of 2 for Bedroom,Living Room，Black, JORIKCHUO Nursery Book Shelves, Set of 2 Wood Floating Book Shelves for Kids Room, Kitchen Spice Rack, or Rustic Wall Mounted Shelves for Farmhouse Bathroom Decor (Natural Wood), KEYPOWER Cuckoo Clock Cuckoo Wall Clock,Cuckoo Bird Voices Call, Design Clock Pendulum, Bird House, Wall Art Home Living Room Kitchen Office Decoration (Green), Privacy Window Film Decoration, Heat Control Window Tint for Home, Static Cling Glass Door Coverings Window Sticker Removable Non-Adhesive UV Blocking, White Frosted w/ Morocco Lines, 35.4 by 118.1 In]",4,4,122.96000000000001,30.740000000000002
'Security & Surveillance',"[Zwolf Strong Adhesive Mount for YI Pan-Tilt Security Camera , No Hole Needed , Perfect View Angle for Yi Home 360 Degree Indoor Pet Cam (Pack of 2)]",1,1,19.99,19.99
'Furniture',[NIOIIKIT Nursery Rocking Chair Teddy Upholstered Glider Rocker Rocking Accent Chair Padded Seat with High Backrest Armchair Comfy Side Chair for Living Room Bedroom Offices (Yellow Teddy)],1,1,159.99,159.99
'Hair Care',[40pcs Baby Hair Clips Tiny Bow Hair Clips for Newborn No Slip Toddler Mini Hair Bow Barrettes Hair Accessories for Baby Fine Hair Girls Infant Toddlers],1,1,11.99,11.99
'Books',"[Sing a Song of Sunshine (Interactive Early Bird Children's Song Book with 10 Sing-Along Tunes), Bedtime Songs: 11-Button Interactive Children's Sound Book (Early Bird Song), World of Eric Carle, Around the Farm 30-Button Animal Sound Book - Great for First Words - PI Kids]",3,3,45.589999999999996,15.196666666666665
'Swim',[YOUNGER TREE Toddler Baby Girls Summer Swimsuit Sleeveless Striped Swimwear Two-Piece Suit Beach Bikini],1,1,20.98,20.98
'Competitive Swimwear',[BALEAF Women's Conservative Athletic Racerback One Piece Training Bathing Suit],1,1,32.99,32.99
'Kitchen & Dining',"[Signice Banana Holder Stand - Newest Patented Modern Banana Tree Hanger with Wood Base Stainless Steel Banana Rack for Home Kitchen Use,Doesn't Tip Over (Black), Fox Run Expanding Beechwood Coffee Mug Wall Rack, Decodinli Passover Party Supplies Serves 25, Passover Party Decorations, Passover Seder Plates and Napkins, Passover Themed Disposable Seder Plates and Cups, Passover Tableware Set]",3,3,43.080000000000005,14.360000000000001
'Baby Products',"[Outlet Covers Baby Proofing White - PRObebi 38 Pack Plug Covers for Electrical Outlets, Child Proof Socket Covers, Baby Safety Products for Home, Office, Easy Insatllation, Protect Babies, Summer Infant, 3D Mini Convenience Stroller – Lightweight Stroller with Compact Fold MultiPosition Recline Canopy with Pop Out Sun Visor and More – Umbrella Stroller for Travel and More, Gray, NUK Smooth Flow Anti Colic Baby Bottle Nipples, Size 2 (6+ Months), Medium Flow, 2 Pack, SILLY MONKEY Improved Design Umbrella Holder and Bonus Stroller Hook - Adjustable Parasol Clamp Mount for Stroller, Wheelchair, Rollator, Bike, Pram Sunshade - Complete with Non-Slip Multipurpose Clip, My Bebe Baby Self Feeding Cushion, Baby Self Feeding Pillow, Breast Feeding Pillow, Baby Feeding Bottle Holder, ECHOGEAR TV Safety Straps for Flat Screens - Anchor TVs Up to 90"" to Furniture Or The Wall - Pre-Assembled Anti-Tip Strap Includes All Hardware for Baby Proofing Your TV, Munchkin® Sponge™ Bottle Brush, 2 Pack, Grey, 40pcs Baby Hair Clips Tiny Bow Hair Clips for Newborn No Slip Toddler Mini Hair Bow Barrettes Hair Accessories for Baby Fine Hair Girls Infant Toddlers, ECam Rainbow Wall Decals, Boho Wall Decal, Rainbow Decal, Boho Wall Decor, Kids Wallpaper, Sun Wall Decal, Sun Wall Decor, Boho Rainbow Wallpaper for Nursery Playroom Kids Bedroom Classroom Decor, 23.62” X 23.62” Watercolor Boho Sun Wall Decals Peel and Stick, PVC Sunrise Wall Stickers, Yellow Sunshine Wall Art Decor for Kids Room Playroom Nursery Bedroom (Boho Sun-1), Tameler baby Spoons Self Feeding 6+ Months - 7 Pack Silicone Toddler First Stage Solid Feeding Utensils, Baby Led Weaning Supplies, 2-in-1 Rainbow Chew Spoons for Kids - BPA Free- Diswasher Safe]",11,11,185.8,16.89090909090909
'Bathroom Accessories',"[Munchkin® High 'n Dry™ Corner Bath Toy Organizer and Storage, Grey]",1,1,11.44,11.44
'Décor',"[ECam Rainbow Wall Decals, Boho Wall Decal, Rainbow Decal, Boho Wall Decor, Kids Wallpaper, Sun Wall Decal, Sun Wall Decor, Boho Rainbow Wallpaper for Nursery Playroom Kids Bedroom Classroom Decor, 23.62” X 23.62” Watercolor Boho Sun Wall Decals Peel and Stick, PVC Sunrise Wall Stickers, Yellow Sunshine Wall Art Decor for Kids Room Playroom Nursery Bedroom (Boho Sun-1)]",2,2,20.96,10.48
'Over-the-Counter Medication',"[MiraLAX Gentle Constipation Relief Laxative Powder, Stool Softener with PEG 3350, Works Naturally with Water in Your Body, No Harsh Side Effects, Osmotic Laxative, #1 Physician Recommended, 45 Dose, MiraLAX Gentle Constipation Relief Laxative Powder, Stool Softener with PEG 3350, Works Naturally with Water in Your Body, No Harsh Side Effects, Osmotic Laxative, #1 Physician Recommended, 45 Dose]",1,2,53.98,26.99
'Window Treatments',"[Privacy Window Film Decoration, Heat Control Window Tint for Home, Static Cling Glass Door Coverings Window Sticker Removable Non-Adhesive UV Blocking, White Frosted w/ Morocco Lines, 35.4 by 118.1 In]",1,1,34.99,34.99
'Household Supplies',"[Duracell CR2032 3V Lithium Battery, Child Safety Features, 4 Count Pack, Lithium Coin Battery for Key Fob, Car Remote, Glucose Monitor, CR Lithium 3 Volt Cell, Kexle Nitrile Disposable Gloves Pack of 100, Latex Free Safety Working Gloves for Food Handle or Industrial Use, Turbo Bee 50 Pack 9oz Clear Plastic Cups,Disposable Crystal Drinking Cups,PET Plastic Party Cups for Wine,Juice,Iced Coffee and Cold Drinks, FOCUSLINE 150pcs Compostable Heavy-Duty Paper Plates Set Eco-Friendly Natural Disposable Bagasse Plates Cutlery Includes Biodegradable Plates, Forks, Knives, Spoons for Parties, Camping, Picnic]",4,4,67.92999999999999,16.982499999999998
'Food Service Equipment & Supplies',"[Meat Hugger - Pink Butcher Paper Dispenser Box (17.25 Inch by 225 Feet Roll) - Heavy Duty Unwaxed Unbleached Food Grade Paper - Smoker Safe, Use Wrap While Cooking For Tender Meat]",1,1,25.99,25.99
'Solid Feeding',"[Tameler baby Spoons Self Feeding 6+ Months - 7 Pack Silicone Toddler First Stage Solid Feeding Utensils, Baby Led Weaning Supplies, 2-in-1 Rainbow Chew Spoons for Kids - BPA Free- Diswasher Safe]",1,1,9.99,9.99
'Grills & Outdoor Cooking',"[SHINESTAR Grill Cover for Pit Boss 700FB, Lexington 500, Classic 700 Wood Pellet Grill, Special Zipper Design, Waterproof & Windproof]",1,1,29.99,29.99
'Pantry Staples',"[Elite Turkish Coffee with Cardamom, 3.5 oz (3 Pack), Elite Turkish Coffee with Cardamom, 3.5 oz (3 Pack), Elite Turkish Coffee with Cardamom, 3.5 oz (3 Pack)]",1,3,44.07,14.69
'Power & Hand Tools',"[Klein Tools JTH6M3 3 mm Hex Key with Journeyman T-Handle, 6-Inch]",1,1,3.99,3.99
'Computer Components',"[Gotega External DVD Drive, USB 3.0 Portable CD/DVD +/-RW Drive/DVD Player for Laptop CD ROM Burner Compatible with Laptop Desktop PC Windows Linux OS Apple Mac Black]",1,1,22.99,22.99
'Cell Phones & Accessories',"[3Pack Dual Port USB-C Wall Plug-in USB Charger, AILKIN 20W Power Delivery + QC3.0 USB A Double Port Fast Charging Block for iPhone 14 13 12 Pro Max 14 Pro 12 Mini 14 11 Pro Max 14 Plus 11 SE X XS Cube, Diaclara Designed for iPhone 14 Case, Full Body Rugged Case with Built-in Touch Sensitive Anti-Scratch Screen Protector, with Camera Lens Protector for iPhone 14 6.1"" (Lemon Yellow)]",2,2,33.98,16.99
'Baby',"[Bearbay Baby Sock Shoes Rubber Sole Non-Skid Indoor Floor Slipper for Unisex Newborn Infants Toddlers Boys Girls, EPEIUS Baby Tights Baby Girls Non-Slip Plain/Ribbed Leggings Seamless Cotton Stockings Pantyhose Newborn Infant Toddler, Gerber Baby Girls' 3-Pack Short Sleeve Tees, WEONEDREAM Toddler Baby Boys Girls Winter Fleece Jacket Small Kids Warm Hooded Outwear Coat, YOUNGER TREE Toddler Baby Girls Summer Swimsuit Sleeveless Striped Swimwear Two-Piece Suit Beach Bikini]",5,5,91.94,18.387999999999998
'Office Products',"[Magnetic Dry Erase Refrigerator Calendar with Markers - 15"" x 11"" Monthly Fridge Calendar and Today List, Fridge Whiteboard with Back Magnet, Leather Desk Pad Protector,Mouse Pad,Office Desk Mat, Non-Slip PU Leather Desk Blotter,Laptop Desk Pad,Waterproof Desk Writing Pad for Office and Home (31.5"" x 15.7"", Light Grey)]",2,2,23.98,11.99
'Pet Supplies',"[Greenies Pill Pockets, 30 Count, Chicken Flavor, 3 Pack]",1,1,22.82,22.82
'Medical Supplies & Equipment',[Premom Pregnancy Test Strips- 30 Pack Early Detection Pregnancy Test Kit Powered by Premom Ovulation Predictor iOS and Android APP],1,1,11.0,11.0
'Beauty & Personal Care',"[Speed Stick Men's Deodorant, Regular, 3 Ounce, 4 Pack, MISSHA M PERFECT COVER BB CREAM #21 SPF 42 PA+++, Multi-Function, High Coverage Makeup to help infuse moisture for firmer-looking skin with reduction in appearance of fine lines 50ml-Lightweight, Maybelline New York Dream Fresh Skin Hydrating BB cream, 8-in-1 Skin Perfecting Beauty Balm with Broad Spectrum SPF 30, Sheer Tint Coverage, Oil-Free, Light/Medium, 1 Fl Oz, Dermaharmony 2% Pyrithione Zinc (ZnP) Bar Soap 4 oz - Crafted for Those with Skin Conditions - Seborrheic Dermatitis, Dandruff, Psoriasis, Eczema, etc.]",4,4,38.86,9.715
'Dinnerware',"[Decodinli Passover Party Supplies Serves 25, Passover Party Decorations, Passover Seder Plates and Napkins, Passover Themed Disposable Seder Plates and Cups, Passover Tableware Set]",1,1,9.99,9.99
'Baby & Child Dental Care',"[Amazon Basics Kids Battery Powered Toothbrush, 2 Count, 1 Pack (Previously Solimo)]",1,1,9.58,9.58
'Skin Care',"[Dermaharmony 2% Pyrithione Zinc (ZnP) Bar Soap 4 oz - Crafted for Those with Skin Conditions - Seborrheic Dermatitis, Dandruff, Psoriasis, Eczema, etc.]",1,1,8.59,8.59
'Electronics',"[Plugable Universal Laptop Docking Station, 4K Dual Monitor, DisplayPort or HDMI, Windows Mac or ChromeOS Laptops, USB-C or USB 3.0, Adds 2 Displays, Ethernet, Audio, 6 USB Ports, Zwolf Strong Adhesive Mount for YI Pan-Tilt Security Camera , No Hole Needed , Perfect View Angle for Yi Home 360 Degree Indoor Pet Cam (Pack of 2), Google Nest WiFi Pro - Wi-Fi 6E - Reliable Home Wi-Fi System with Fast Speed and Whole Home Coverage - Mesh Wi-Fi Router - Snow, Gotega External DVD Drive, USB 3.0 Portable CD/DVD +/-RW Drive/DVD Player for Laptop CD ROM Burner Compatible with Laptop Desktop PC Windows Linux OS Apple Mac Black]",4,4,402.92,100.73
'Baby Care',[40pcs Baby Hair Clips Tiny Bow Hair Clips for Newborn No Slip Toddler Mini Hair Bow Barrettes Hair Accessories for Baby Fine Hair Girls Infant Toddlers],1,1,11.99,11.99
'Baby Boys',[WEONEDREAM Toddler Baby Boys Girls Winter Fleece Jacket Small Kids Warm Hooded Outwear Coat],1,1,26.99,26.99
'Sport Specific Clothing',[BALEAF Women's Conservative Athletic Racerback One Piece Training Bathing Suit],1,1,32.99,32.99
'Camping & Hiking',"[CleverMade Chair Umbrella, Outdoor Sport Canopy, Adjustable UPF 50+ Beach Umbrella with Clamps]",1,1,72.6,72.6
'Nursery',"[ECam Rainbow Wall Decals, Boho Wall Decal, Rainbow Decal, Boho Wall Decor, Kids Wallpaper, Sun Wall Decal, Sun Wall Decor, Boho Rainbow Wallpaper for Nursery Playroom Kids Bedroom Classroom Decor, 23.62” X 23.62” Watercolor Boho Sun Wall Decals Peel and Stick, PVC Sunrise Wall Stickers, Yellow Sunshine Wall Art Decor for Kids Room Playroom Nursery Bedroom (Boho Sun-1)]",2,2,20.96,10.48
'Health Care',"[MiraLAX Gentle Constipation Relief Laxative Powder, Stool Softener with PEG 3350, Works Naturally with Water in Your Body, No Harsh Side Effects, Osmotic Laxative, #1 Physician Recommended, 45 Dose, MiraLAX Gentle Constipation Relief Laxative Powder, Stool Softener with PEG 3350, Works Naturally with Water in Your Body, No Harsh Side Effects, Osmotic Laxative, #1 Physician Recommended, 45 Dose]",1,2,53.98,26.99
'Costumes & Accessories',[2 Pcs Rainbow Top Clown Hats Adjustable Elastic Y Back Style Suspenders Adjustable Bow Tie for Adults Men Firefighter Women],1,1,30.99,30.99
'Industrial & Scientific',"[Meat Hugger - Pink Butcher Paper Dispenser Box (17.25 Inch by 225 Feet Roll) - Heavy Duty Unwaxed Unbleached Food Grade Paper - Smoker Safe, Use Wrap While Cooking For Tender Meat]",1,1,25.99,25.99
'Novelty & More',[BerryGo Women's Boho V Neck Ruffle Floral Wrap Maxi Dress],1,1,46.99,46.99
'Grocery & Gourmet Food',"[Elite Turkish Coffee with Cardamom, 3.5 oz (3 Pack), Elite Turkish Coffee with Cardamom, 3.5 oz (3 Pack), Elite Turkish Coffee with Cardamom, 3.5 oz (3 Pack)]",1,3,44.07,14.69
'Dinnerware & Serveware',"[Decodinli Passover Party Supplies Serves 25, Passover Party Decorations, Passover Seder Plates and Napkins, Passover Themed Disposable Seder Plates and Cups, Passover Tableware Set]",1,1,9.99,9.99
'Outdoor Recreation',"[CleverMade Chair Umbrella, Outdoor Sport Canopy, Adjustable UPF 50+ Beach Umbrella with Clamps]",1,1,72.6,72.6
'Dining & Entertaining',"[Decodinli Passover Party Supplies Serves 25, Passover Party Decorations, Passover Seder Plates and Napkins, Passover Themed Disposable Seder Plates and Cups, Passover Tableware Set]",1,1,9.99,9.99
'Sports & Outdoors',"[CleverMade Chair Umbrella, Outdoor Sport Canopy, Adjustable UPF 50+ Beach Umbrella with Clamps]",1,1,72.6,72.6
'Garment Racks',"[TEDIDUWA Industrial Pipe Clothing Rack with Top Shelf, Space-Saving Wall Mounted Clothes Rack, Shelf with Hanging Rod for Closet Storage, Laundry Room. (1T, Brown)]",1,1,49.0,49.0
'Holsters',"[Diaclara Designed for iPhone 14 Case, Full Body Rugged Case with Built-in Touch Sensitive Anti-Scratch Screen Protector, with Camera Lens Protector for iPhone 14 6.1"" (Lemon Yellow)]",1,1,17.99,17.99
'Clothing & Closet Storage',"[TEDIDUWA Industrial Pipe Clothing Rack with Top Shelf, Space-Saving Wall Mounted Clothes Rack, Shelf with Hanging Rod for Closet Storage, Laundry Room. (1T, Brown)]",1,1,49.0,49.0
"'Cases, Holsters & Sleeves'","[Diaclara Designed for iPhone 14 Case, Full Body Rugged Case with Built-in Touch Sensitive Anti-Scratch Screen Protector, with Camera Lens Protector for iPhone 14 6.1"" (Lemon Yellow)]",1,1,17.99,17.99
'Safety',"[Outlet Covers Baby Proofing White - PRObebi 38 Pack Plug Covers for Electrical Outlets, Child Proof Socket Covers, Baby Safety Products for Home, Office, Easy Insatllation, Protect Babies, ECHOGEAR TV Safety Straps for Flat Screens - Anchor TVs Up to 90"" to Furniture Or The Wall - Pre-Assembled Anti-Tip Strap Includes All Hardware for Baby Proofing Your TV]",2,2,24.98,12.49
'Novelty',[BerryGo Women's Boho V Neck Ruffle Floral Wrap Maxi Dress],1,1,46.99,46.99
'Personal Care',"[Speed Stick Men's Deodorant, Regular, 3 Ounce, 4 Pack]",1,1,11.16,11.16
'Feeding',"[NUK Smooth Flow Anti Colic Baby Bottle Nipples, Size 2 (6+ Months), Medium Flow, 2 Pack, My Bebe Baby Self Feeding Cushion, Baby Self Feeding Pillow, Breast Feeding Pillow, Baby Feeding Bottle Holder, Munchkin® Sponge™ Bottle Brush, 2 Pack, Grey, Tameler baby Spoons Self Feeding 6+ Months - 7 Pack Silicone Toddler First Stage Solid Feeding Utensils, Baby Led Weaning Supplies, 2-in-1 Rainbow Chew Spoons for Kids - BPA Free- Diswasher Safe]",4,4,51.89000000000001,12.972500000000002
'Tents & Shelters',"[CleverMade Chair Umbrella, Outdoor Sport Canopy, Adjustable UPF 50+ Beach Umbrella with Clamps]",1,1,72.6,72.6
"'Patio, Lawn & Garden'","[Perfin Wooden Wall Hooks, Plant Hangers Indoor, 8-Inch Wall Mounted Hanging Plant Hooks for Planters, Lanterns, Flower Bracket, Wind Chimes, Decoration Hooks (2 Pack), Sun Shade Hardware Kit for Rectangle and Square Sun Shade Sails Installation,5 inch Heavy Duty Anti-Rust Sail Shade Hardware Kit with 50 ft Cable Wire Ropes, SUNNY GUARD Sun Shade Sail 16'5''x16'5''x16'5'' Triangle Terra UV Block Sunshade for Backyard Yard Deck Patio Garden Outdoor Activities and Facility(We Make Custom Size), Gardeneer by Dalen HammerEdge Pound in Edging - 16 Durable Interlocking Pieces -18 feet of Coverage - Made in USA - Easy to Install, Pennington Pride Waste Free Blend Wild Bird Seed, 10 lb, SHINESTAR Grill Cover for Pit Boss 700FB, Lexington 500, Classic 700 Wood Pellet Grill, Special Zipper Design, Waterproof & Windproof, PAWBEE Window Bird Feeder - Window Bird Feeders with Strong Suction Cups - Suction Cup Bird Feeder Window with Drain Holes for Rain - Clear Bird Feeders for Window - Bird House for Window Outside]",7,7,185.75000000000003,26.53571428571429
